{
    "roc_auc": 0.9882571393815753,
    "confusion_matrix": [
        [
            448002,
            6263
        ],
        [
            14841,
            96470
        ]
    ],
    "classification_report": {
        "0": {
            "precision": 0.9679351313512358,
            "recall": 0.9862128933552001,
            "f1-score": 0.9769885335205887,
            "support": 454265.0
        },
        "1": {
            "precision": 0.9390361422327782,
            "recall": 0.8666708591244351,
            "f1-score": 0.9014034497579937,
            "support": 111311.0
        },
        "accuracy": 0.9626858282529669,
        "macro avg": {
            "precision": 0.953485636792007,
            "recall": 0.9264418762398177,
            "f1-score": 0.9391959916392911,
            "support": 565576.0
        },
        "weighted avg": {
            "precision": 0.962247521944605,
            "recall": 0.9626858282529669,
            "f1-score": 0.9621126348638243,
            "support": 565576.0
        }
    }
}